<XMLDB xmlns:xsi="http://www.w3.org/2001/XMLSchema-instance" PATH="/local/teacher_reply_chat/db" VERSION="20240124" COMMENT="XMLDB file for parents chat" xsi:noNamespaceSchemaLocation="../../../lib/xmldb/xmldb.xsd">
  <TABLES>
    <TABLE NAME="teacherchat" COMMENT="teacher reply">
      <FIELDS>
        <FIELD NAME="id" TYPE="int" LENGTH="10" NOTNULL="true" SEQUENCE="true"/>
        <!-- <FIELD NAME="pid" TYPE="int" LENGTH="10"  NOTNULL="true" SEQUENCE="false" COMMENT="parents id"/> -->
        <FIELD NAME="msgid" TYPE="int" LENGTH="10"  NOTNULL="true" SEQUENCE="false" COMMENT="message id"/>
                
        <FIELD NAME="date" TYPE="text" LENGTH="long" NOTNULL="true" SEQUENCE="false"/>

        <FIELD NAME="replymsg" TYPE="text" LENGTH="long" NOTNULL="true" SEQUENCE="false"/>
      </FIELDS>
      <KEYS>
        <KEY NAME="primary" TYPE="primary" FIELDS="id"/>
      </KEYS>
    </TABLE>
  </TABLES>
</XMLDB>




